	{

		"metadata": {
			"formatVersion" : 3.1,
			"generatedBy"   : "Blender 2.7 Exporter",
			"vertices"      : 12,
			"faces"         : 4,
			"normals"       : 2,
			"colors"        : 0,
			"uvs"           : [4],
			"materials"     : 1,
			"morphTargets"  : 0,
			"bones"         : 0
		},

			"scale" : 1.000000,
			
			"vertices" : [-0.1428,0.503701,-6.2746,0.1428,0.503701,-6.2746,0.1757,0.238101,-6.5255,0.1757,0.238101,-6.5255,-0.1757,0.238101,-6.5255,-0.1428,0.503701,-6.2746,-0.1428,0.503701,-6.2746,-0.1757,0.238101,-6.5255,0.1757,0.238101,-6.5255,0.1757,0.238101,-6.5255,0.1428,0.503701,-6.2746,-0.1428,0.503701,-6.2746],
			"faces"    : [42,0,1,2,0,0,1,2,0,0,0,42,3,4,5,0,2,3,0,0,0,0,42,6,7,8,0,0,3,2,1,1,1,42,9,10,11,0,2,1,0,1,1,1],
			"uvs"      : [[0.3249,0.6029,0.3559,0.6029,0.3559,0.5709,0.3249,0.5709]],
			"normals"  : [0,0.686697,-0.72692,0,-0.686697,0.72692],
			
			"skinIndices"  : [],
			"skinWeights"  : [],
			"morphTargets" : [],
			
			"bones"      : [],
			"animations" : [],
			
			"colors"    : [],
			"materials" : [
				{
					"DbgColor": 15658734,
					"DbgIndex": 0,
					"DbgName": "default",
					"vertexColors": false
				}
			]


	}
