	{

		"metadata": {
			"formatVersion" : 3.1,
			"generatedBy"   : "Blender 2.7 Exporter",
			"vertices"      : 228,
			"faces"         : 76,
			"normals"       : 38,
			"colors"        : 0,
			"uvs"           : [58],
			"materials"     : 1,
			"morphTargets"  : 0,
			"bones"         : 0
		},

			"scale" : 1.000000,
			
			"vertices" : [0.21,-0.188799,-5.5175,0.21,-0.383199,-5.463,0.21,-0.383199,-5.9382,0.21,-0.383199,-5.9382,0.21,-0.113499,-5.9382,0.21,-0.188799,-5.5175,-0.21,-0.383199,-5.9382,-0.21,-0.383199,-5.463,-0.21,-0.188799,-5.5175,-0.21,-0.188799,-5.5175,-0.21,-0.113499,-5.9382,-0.21,-0.383199,-5.9382,-0.21,0.702201,-5.2573,-0.168,0.702201,-5.3931,-0.21,0.702201,-5.3931,-0.168,0.655401,-5.477,-0.168,0.498001,-5.4785,-0.21,0.498001,-5.4785,-0.21,0.498001,-5.4785,-0.21,0.655401,-5.477,-0.168,0.655401,-5.477,-0.21,0.498001,-5.4785,-0.168,0.498001,-5.4785,-0.168,0.405901,-5.3892,-0.168,0.405901,-5.3892,-0.21,0.405901,-5.3892,-0.21,0.498001,-5.4785,0.1722,0.405901,-5.3892,0.21,0.405901,-5.3892,0.21,-0.188799,-5.5175,-0.21,-0.113499,-5.9382,0.21,-0.113499,-5.9382,0.21,-0.383199,-5.9382,0.21,-0.383199,-5.9382,-0.21,-0.383199,-5.9382,-0.21,-0.113499,-5.9382,-0.21,-0.383199,-5.9382,0.21,-0.383199,-5.9382,0.21,-0.383199,-5.463,0.21,-0.383199,-5.463,-0.21,-0.383199,-5.463,-0.21,-0.383199,-5.9382,-0.21,-0.383199,-5.463,0.21,-0.383199,-5.463,0.21,0.498001,-5.2573,0.21,0.498001,-5.2573,-0.21,0.498001,-5.2573,-0.21,-0.383199,-5.463,-0.21,0.702201,-5.3931,-0.168,0.702201,-5.3931,-0.168,0.655401,-5.477,-0.168,0.655401,-5.477,-0.21,0.655401,-5.477,-0.21,0.702201,-5.3931,-0.168,0.498001,-5.4785,-0.1,0.498001,-5.4178,-0.168,0.405901,-5.3892,-0.1,0.655401,-5.4163,-0.1,0.498001,-5.4178,-0.168,0.498001,-5.4785,-0.168,0.498001,-5.4785,-0.168,0.655401,-5.477,-0.1,0.655401,-5.4163,-0.168,0.702201,-5.3931,-0.1,0.702201,-5.3235,-0.1,0.655401,-5.4163,-0.1,0.655401,-5.4163,-0.168,0.655401,-5.477,-0.168,0.702201,-5.3931,0.1722,0.498001,-5.4785,0.21,0.498001,-5.4785,0.21,0.405901,-5.3892,0.21,0.405901,-5.3892,0.1722,0.405901,-5.3892,0.1722,0.498001,-5.4785,0.21,0.655401,-5.477,0.21,0.498001,-5.4785,0.1722,0.498001,-5.4785,0.1722,0.498001,-5.4785,0.1722,0.655401,-5.477,0.21,0.655401,-5.477,0.1722,0.702201,-5.3931,0.21,0.702201,-5.3931,0.21,0.655401,-5.477,0.21,0.655401,-5.477,0.1722,0.655401,-5.477,0.1722,0.702201,-5.3931,0.1042,0.498001,-5.4178,0.1722,0.498001,-5.4785,0.1722,0.405901,-5.3892,0.1722,0.655401,-5.477,0.1722,0.498001,-5.4785,0.1042,0.498001,-5.4178,0.1042,0.498001,-5.4178,0.1042,0.655401,-5.4163,0.1722,0.655401,-5.477,0.1042,0.702201,-5.3235,0.1722,0.702201,-5.3931,0.1722,0.655401,-5.477,0.1722,0.655401,-5.477,0.1042,0.655401,-5.4163,0.1042,0.702201,-5.3235,-0.1,0.498001,-5.4178,0.1042,0.498001,-5.4178,0.1722,0.405901,-5.3892,0.1722,0.405901,-5.3892,-0.168,0.405901,-5.3892,-0.1,0.498001,-5.4178,0.1042,0.655401,-5.4163,0.1042,0.498001,-5.4178,-0.1,0.498001,-5.4178,-0.1,0.498001,-5.4178,-0.1,0.655401,-5.4163,0.1042,0.655401,-5.4163,-0.1,0.702201,-5.3235,0.1042,0.702201,-5.3235,0.1042,0.655401,-5.4163,0.1042,0.655401,-5.4163,-0.1,0.655401,-5.4163,-0.1,0.702201,-5.3235,0.21,0.498001,-5.2573,0.21,0.702201,-5.2573,-0.21,0.702201,-5.2573,-0.21,0.702201,-5.2573,-0.21,0.498001,-5.2573,0.21,0.498001,-5.2573,0.21,0.702201,-5.2573,0.21,0.702201,-5.3931,0.1722,0.702201,-5.3931,0.21,0.702201,-5.2573,0.1722,0.702201,-5.3931,0.1042,0.702201,-5.3235,-0.21,0.702201,-5.2573,0.21,0.702201,-5.2573,0.1042,0.702201,-5.3235,0.1042,0.702201,-5.3235,-0.1,0.702201,-5.3235,-0.21,0.702201,-5.2573,-0.21,0.702201,-5.2573,-0.1,0.702201,-5.3235,-0.168,0.702201,-5.3931,-0.168,0.405901,-5.3892,0.1722,0.405901,-5.3892,0.21,-0.188799,-5.5175,0.21,-0.188799,-5.5175,-0.21,-0.188799,-5.5175,-0.168,0.405901,-5.3892,-0.168,0.405901,-5.3892,-0.21,-0.188799,-5.5175,-0.21,0.405901,-5.3892,-0.21,-0.188799,-5.5175,0.21,-0.188799,-5.5175,0.21,-0.113499,-5.9382,0.21,-0.113499,-5.9382,-0.21,-0.113499,-5.9382,-0.21,-0.188799,-5.5175,0.1451,0.620201,-5.2764,-0.1549,0.615901,-5.2699,-0.1504,0.526001,-5.1185,-0.1504,0.526001,-5.1185,0.1497,0.530201,-5.1251,0.1451,0.620201,-5.2764,0.1497,0.530201,-5.1251,-0.1504,0.526001,-5.1185,-0.1427,-0.329099,-5.3227,-0.1427,-0.329099,-5.3227,0.1574,-0.324799,-5.3293,0.1497,0.530201,-5.1251,0.1574,-0.324799,-5.3293,-0.1427,-0.329099,-5.3227,-0.1463,-0.345799,-5.4995,-0.1463,-0.345799,-5.4995,0.1537,-0.341499,-5.5061,0.1574,-0.324799,-5.3293,-0.1463,-0.345799,-5.4995,-0.1427,-0.329099,-5.3227,-0.1504,0.526001,-5.1185,-0.1504,0.526001,-5.1185,-0.1549,0.615901,-5.2699,-0.1463,-0.345799,-5.4995,0.1574,-0.324799,-5.3293,0.1537,-0.341499,-5.5061,0.1451,0.620201,-5.2764,0.1451,0.620201,-5.2764,0.1497,0.530201,-5.1251,0.1574,-0.324799,-5.3293,-0.1549,0.615901,-5.2699,0.1451,0.620201,-5.2764,0.1537,-0.341499,-5.5061,0.1537,-0.341499,-5.5061,-0.1463,-0.345799,-5.4995,-0.1549,0.615901,-5.2699,0.21,0.498001,-5.2573,0.21,0.405901,-5.3892,0.21,0.498001,-5.4785,0.21,0.498001,-5.4785,0.21,0.655401,-5.477,0.21,0.702201,-5.3931,0.21,0.498001,-5.2573,0.21,0.498001,-5.4785,0.21,0.702201,-5.3931,0.21,0.498001,-5.2573,0.21,0.702201,-5.3931,0.21,0.702201,-5.2573,-0.21,0.498001,-5.2573,-0.21,0.702201,-5.2573,-0.21,0.702201,-5.3931,-0.21,0.498001,-5.2573,-0.21,0.702201,-5.3931,-0.21,0.655401,-5.477,-0.21,0.498001,-5.2573,-0.21,0.655401,-5.477,-0.21,0.498001,-5.4785,-0.21,0.498001,-5.2573,-0.21,0.498001,-5.4785,-0.21,0.405901,-5.3892,0.21,-0.188799,-5.5175,0.21,0.405901,-5.3892,0.21,0.498001,-5.2573,0.21,0.498001,-5.2573,0.21,-0.383199,-5.463,0.21,-0.188799,-5.5175,-0.21,0.498001,-5.2573,-0.21,0.405901,-5.3892,-0.21,-0.188799,-5.5175,-0.21,-0.188799,-5.5175,-0.21,-0.383199,-5.463,-0.21,0.498001,-5.2573],